name,mobile,email
Aarav Sharma,9845217630,aarav.sharma17@protonmail.com
Vivaan Patel,9018762453,vivaan.patel84@gmail.com
Aditya Verma,9723418650,aditya.verma21@outlook.com
Krish Mehta,8954321076,krish.mehta33@yahoo.com
Arjun Nair,9812307456,arjun.nair55@mail.com
Sai Reddy,9345671280,sai.reddy08@gmail.com
Ishaan Gupta,9098123476,ishaan.gupta19@outlook.com
Dhruv Joshi,9187456320,dhruv.joshi63@protonmail.com
Kabir Singh,9632147850,kabir.singh42@gmail.com
Reyansh Kulkarni,9867503412,reyansh.kulkarni90@yahoo.com
Anaya Rao,9798653410,anaya.rao14@mail.com
Diya Menon,9481237605,diya.menon72@gmail.com
Myra Iyer,9307845612,myra.iyer38@outlook.com
Sara Khan,9871436205,sara.khan11@protonmail.com
Aadhya Jain,9124308765,aadhya.jain25@gmail.com
Kiara Das,9567324180,kiara.das66@yahoo.com
Navya Bhat,9032187456,navya.bhat07@mail.com
Riya Malhotra,9765412308,riya.malhotra51@gmail.com
Pari Sethi,9654031287,pari.sethi88@outlook.com
Meera Chawla,9897654310,meera.chawla29@protonmail.com
Rahul Arora,9312457860,rahul.arora43@gmail.com
Kunal Bansal,9578013246,k.bansal74@yahoo.com
Rohan Trivedi,9734201856,rohan.trivedi16@mail.com
Manav Kapur,9198754302,manav.kapur58@gmail.com
Yash Goyal,9923418760,yash.goyal32@outlook.com
Nikhil Puri,9476102385,nikhil.puri91@protonmail.com
Harsh Vora,9045783126,harsh.vora22@gmail.com
Tanishq Anand,9785423610,tanishq.anand79@yahoo.com
Varun Pillai,9354201876,varun.pillai46@mail.com
Pranav Saxena,9642318705,pranav.saxena03@gmail.com
Sneha Dutta,9817543206,sneha.dutta64@outlook.com
Naina Bose,9023467815,naina.bose09@protonmail.com
Pooja Nambiar,9754306218,pooja.nambiar40@gmail.com
Shreya Soman,9432867510,shreya.soman71@yahoo.com
Tanvi Ahuja,9880134625,tanvi.ahuja52@mail.com
Ira Narang,9167024583,ira.narang18@gmail.com
Aditi Wagle,9621458307,aditi.wagle83@outlook.com
Ritika Kohli,9907643125,ritika.kohli12@protonmail.com
Kavya Suri,9342817604,kavya.suri68@gmail.com
Mitali Bedi,9710432865,mitali.bedi31@yahoo.com
Aman Choudhary,9076124385,aman.choudhary26@mail.com
Samarjeet Gill,9834201765,samar.gill95@gmail.com
Dev Malviya,9512764308,dev.malviya44@outlook.com
Laksh Oberoi,9287631405,laksh.oberoi02@protonmail.com
Rudra Tandon,9678213405,rudra.tandon57@gmail.com
Ayaan Qureshi,9405387126,ayaan.qureshi76@yahoo.com
Zaid Mirza,9854207136,zaid.mirza35@mail.com
Faizan Siddiqui,9087342165,faizan.siddiqui23@gmail.com
Imran Sheikh,9726140835,imran.sheikh81@outlook.com
Sameer Pathak,9598324107,sameer.pathak13@protonmail.com
Neha Bhardwaj,9917354820,neha.bhardwaj67@gmail.com
Simran Kaur,9361452780,simran.kaur49@yahoo.com
Harleen Brar,9692408715,harleen.brar06@mail.com
Jasleen Sandhu,9037641258,jasleen.sandhu39@gmail.com
Gurleen Dhillon,9801426375,gurleen.dhillon59@outlook.com
Amrita Paul,9543801276,amrita.paul73@protonmail.com
Ankita Roy,9267413058,ankita.roy24@gmail.com
Ishita Ghosh,9738601245,ishita.ghosh87@yahoo.com
Moumita Sen,9453726801,moumita.sen30@mail.com
Sourav Dey,9875602314,sourav.dey54@gmail.com
Subhojit Pal,9143875602,subhojit.pal77@outlook.com
Anirban Mitra,9602458713,anirban.mitra10@protonmail.com
Debanjan Kar,9928451306,debanjan.kar62@gmail.com
Tanmay Jha,9384602175,tanmay.jha28@yahoo.com
Ayush Mishra,9762034518,ayush.mishra85@mail.com
Shivam Dubey,9073542816,shivam.dubey15@gmail.com
Anuj Tiwari,9856734120,anuj.tiwari41@outlook.com
Mayank Srivastava,9491203765,mayank.srivastava96@protonmail.com
Ujjwal Pandey,9238567410,ujjwal.pandey53@gmail.com
Bhavesh Solanki,9708341265,bhavesh.solanki20@yahoo.com
Jignesh Parmar,9351248076,jignesh.parmar89@mail.com
Hitesh Chauhan,9813467205,hitesh.chauhan37@gmail.com
Mahesh Rathod,9042378516,mahesh.rathod04@outlook.com
Nilesh Pawar,9673402185,nilesh.pawar60@protonmail.com
Sandeep More,9421763508,sandeep.more75@gmail.com
Tejas Shinde,9902147635,tejas.shinde27@yahoo.com
Ramesh Chavan,9137482056,ramesh.chavan56@mail.com
Mohan Wankhede,9581207346,mohan.wankhede14@gmail.com
Priyanka Gaikwad,9790431652,priyanka.gaikwad82@outlook.com
Komal Jagtap,9467512308,komal.jagtap33@protonmail.com
Vaishnavi Deshpande,9884320751,vaishnavi.deshpande69@gmail.com
Shruti Apte,9015627348,shruti.apte48@yahoo.com
Nandini Khedekar,9741032860,nandini.khedekar05@mail.com
Prachi Moghe,9328601745,prachi.moghe58@gmail.com
Hemant Rawat,9651302487,hemant.rawat12@outlook.com
Girish Negi,9182307465,girish.negi86@protonmail.com
Anmol Bisht,9837014256,anmol.bisht34@gmail.com
Lokesh Nautiyal,9524317086,lokesh.nautiyal78@yahoo.com
Tarun Semwal,9278456130,tarun.semwal19@mail.com
Pankaj Bhandari,9716028435,pankaj.bhandari50@gmail.com
Vikrant Panwar,9394812057,vikrant.panwar61@outlook.com
Ashutosh Tripathi,9862357401,ashutosh.tripathi93@protonmail.com
Abhishek Nigam,9064371258,abhishek.nigam47@gmail.com
Gaurav Tyagi,9782143560,gaurav.tyagi24@yahoo.com
Naveen Chaudhary,9447802361,naveen.chaudhary80@mail.com
Pratik Batra,9905734812,pratik.batra36@gmail.com
Rajat Mahajan,9157346208,rajat.mahajan65@outlook.com
Naman Sood,9628734051,naman.sood07@protonmail.com
Sahil Chhabra,9347051826,sahil.chhabra72@gmail.com
Bhavya Arneja,9805647312,bhavya.arneja29@yahoo.com
Rachit Vashisht,9483027615,rachit.vashisht55@mail.com
Srishti Bhalla,9273610458,srishti.bhalla11@gmail.com
Isha Kohar,9751482036,isha.kohar84@outlook.com
Palak Juneja,9032758164,palak.juneja32@protonmail.com
Tanya Madan,9687412530,tanya.madan70@gmail.com
Muskan Luthra,9418263570,muskan.luthra21@yahoo.com
Aparna Behl,9894325617,aparna.behl66@mail.com
Vidhi Makhija,9117842305,vidhi.makhija17@gmail.com
Devansh Lamba,9562703418,devansh.lamba94@outlook.com
Ritvik Sabharwal,9728014365,ritvik.sabharwal45@protonmail.com
Kartik Kalra,9054381762,kartik.kalra28@gmail.com
Yuvraj Sarin,9840672135,yuvraj.sarin79@yahoo.com
Niraj Bajaj,9435208716,niraj.bajaj09@mail.com
Shashank Bedi,9786502143,shashank.bedi52@gmail.com
Anshuman Goel,9387412560,anshuman.goel63@outlook.com
Pallavi Batra,9691523048,pallavi.batra26@protonmail.com
Anjali Sehgal,9218705436,anjali.sehgal74@gmail.com
Nupur Khanna,9873204651,nupur.khanna35@yahoo.com
Vani Dhingra,9536412087,vani.dhingra08@mail.com
Charu Baveja,9081246573,charu.baveja57@gmail.com
Rupal Trehan,9764308521,rupal.trehan88@outlook.com
Sanya Duggal,9440612738,sanya.duggal31@protonmail.com
Manya Awasthi,9912736480,manya.awasthi14@gmail.com
Deepika Mittal,9307182456,deepika.mittal68@yahoo.com
Sakshi Khosla,9672035814,sakshi.khosla40@mail.com
Avni Bagga,9046187325,avni.bagga76@gmail.com
Nikita Chawla,9857013246,nikita.chawla23@outlook.com
Preeti Talwar,9462805173,preeti.talwar95@protonmail.com
Ragini Pahwa,9731846205,ragini.pahwa27@gmail.com
Mahima Raina,9397208416,mahima.raina64@yahoo.com
Sonia Ahlawat,9124837650,sonia.ahlawat18@mail.com
Anubhav Handa,9815720436,anubhav.handa59@gmail.com
Lakshay Bahl,9571402683,lakshay.bahl06@outlook.com
Rohit Luthra,9246813570,rohit.luthra83@protonmail.com
Yatin Narula,9887602145,yatin.narula37@gmail.com
Chetan Chitkara,9035421768,chetan.chitkara73@yahoo.com
Arpit Madaan,9756314820,arpit.madaan22@mail.com
Ankit Gulati,9413708256,ankit.gulati90@gmail.com
Rhea Monga,9892415736,rhea.monga12@outlook.com
Trisha Wadhwa,9176542038,trisha.wadhwa58@protonmail.com
Aashi Bhasin,9641738205,aashi.bhasin47@gmail.com
Sia Kapoor,9325417608,sia.kapoor30@yahoo.com
Noor Puri,9703186425,noor.puri71@mail.com
Mahi Sachdeva,9051627384,mahi.sachdeva25@gmail.com
Aarohi Taneja,9864312057,aarohi.taneja85@outlook.com
Prisha Anand,9485703162,prisha.anand33@protonmail.com
Vanya Saluja,9792146803,vanya.saluja69@gmail.com
Ruhi Bhaskar,9234705618,ruhi.bhaskar10@yahoo.com
Ishani Dagar,9916402387,ishani.dagar56@mail.com
Samaira Jolly,9368051742,samaira.jolly81@gmail.com
